{
  "product_name": "Compose",
  "product_version": "2022.5.0.688",
  "created_on": "04/01/2024 18:58:44",
  "objects": [
    {
      "id": 1,
      "path": "/",
      "name": "settings",
      "type": "ACProjectSettings",
      "creation_time": 0,
      "modification_time": 0,
      "inner_item": {
        "$type": "ACProjectSettings",
        "from_date_col_name": "FD",
        "to_date_col_name": "TD",
        "lowest_date": "1780-01-01",
        "highest_date": "9999-12-31",
        "map_name_prefix": "Map",
        "stop_after_staging": false,
        "use_datetime2": false,
        "dwh_key_name": "ID",
        "naming_conv": {
          "dwh_prefix": "",
          "hub_suffix": "_HUB",
          "sat_suffix": "_S",
          "lnk_suffix": "_L",
          "dma_prefix": "TDMA_",
          "dwh_view_prefix": "",
          "replicate_change_table_suffix": "__ct",
          "error_mart_suffix": "__ex",
          "dma_view_prefix": "VDMA_",
          "ct_archive_suffix": "__ar",
          "control_table_prefix": "qlik_cmps_",
          "column_prefix": "header__",
          "from_date_suffix": "from_date",
          "to_date_suffix": "to_date",
          "soft_delete_suffix": "deleted",
          "created_batch_suffix": "created_batch",
          "modified_batch_suffix": "modified_batch",
          "dropped_column_suffix": "__dropped",
          "provisioning_table_prefix": "",
          "store_suffix": "store",
          "change_oper_suffix": "change_oper",
          "timestamp_suffix": "timestamp",
          "app_timestamp_suffix": "app_timestamp",
          "archive_timestamp_suffix": "archive_timestamp",
          "dl_naming_conventions": {
            "views_database_suffix": "_v",
            "internal_views_database_suffix": "_v_internal",
            "ods_view_suffix": "",
            "ods_live_view_suffix": "_live",
            "hds_view_suffix": "_history",
            "hds_live_view_suffix": "_live_history"
          }
        },
        "create_ddl_scripts_only": false,
        "ignore_data_type_check": false,
        "write_tdwm_to_db": false,
        "hide_default_workflows": false,
        "environment": {
          "environment_type": "OTHER"
        },
        "support_backdating": false,
        "use_precurse_rows": false,
        "project_type": "DL",
        "dwh_type": "MSACCESS",
        "datalakes_project_settings": {
          "public_views_info": {
            "include_store_type": true,
            "include_store_op": true,
            "include_soft_delete": true,
            "include_created_batch": true,
            "include_modified_batch": true,
            "include_timestamp": true,
            "include_app_timestamp": true,
            "include_from_date": true,
            "include_to_date": true,
            "include_archive_timestamp": true
          },
          "merge_load_into_table": true,
          "can_drop_views_db": false,
          "truncate_tables_on_full_load": true,
          "db_location": "",
          "datalake_deployment_type": "AWS",
          "datalake_storage_type": "PARQUET",
          "datalake_compute_type": "EMR",
          "use_buckets": true,
          "number_of_buckets": 10,
          "default_save_history": true
        },
        "delete_type": "SOFTDELETE",
        "skip_lookup_check_on_generate": false,
        "use_utc": true,
        "ddl_execution_threads": 20,
        "table_modifiers": {
          "table_modifier_hub": {
            "table_modifier_type": "NONE"
          },
          "table_modifier_sat": {
            "table_modifier_type": "NONE"
          },
          "table_modifier_fact": {
            "table_modifier_type": "NONE"
          },
          "table_modifier_dimension": {
            "table_modifier_type": "NONE"
          },
          "table_modifier_current": {
            "table_modifier_type": "NONE"
          },
          "table_modifier_archive": {
            "table_modifier_type": "NONE"
          },
          "initialized": false
        },
        "recoverable_exceptions": {
          "max_retry_count": 0,
          "retry_interval": 0,
          "initialized": false
        },
        "max_runtime_instances_to_keep": 100,
        "full_entities_tree_nodes": true,
        "max_number_of_entities_in_tree_nodes": 500,
        "max_transactional_date_tree_depth": 6,
        "name": "settings",
        "version": 638098255008550000,
        "metadata": {
          "creation_time": 638098255005550000,
          "modification_time": 638098255008550000,
          "tags": [],
          "caller_role": "NONE"
        }
      },
      "tags": [],
      "software_version": 4
    },
    {
      "id": 2,
      "path": "/",
      "name": "Project_1",
      "type": "ExecutionServiceDto",
      "creation_time": 0,
      "modification_time": 0,
      "inner_item": {
        "$type": "ExecutionServiceDto",
        "max_runtime_instances_to_keep": 100,
        "name": "Project_1",
        "version": 638475943061570000,
        "metadata": {
          "creation_time": 638098255006000000,
          "modification_time": 638475943061570000,
          "tags": [],
          "caller_role": "NONE"
        }
      },
      "tags": [],
      "software_version": 1
    }
  ]
}